"","date","btc.price","tx.vol","exch.vol","tot.wallets","tot.unique.addr","output.vol","tx.block","block.size","tot.hashrate"
"1",2014-01-01,746.9,41476,22489400,970765,83356,525007.90212782,381,13488,11740.802089632
"2",2014-01-03,806.21,63821,37810100,981868,125864,963612.87825426,319,13545,11493.6340975684
"3",2014-01-05,896,55761,72898500,993338,106688,847976.26300753,280,13602,12692.3566721614
"4",2014-01-07,867.38,62126,81311700,1007391,121152,866610.19086104,259,13671,13185.9483205232
"5",2014-01-09,809.17,58365,59998600,1021081,114730,594481.55042817,360,13730,12762.8697647845
"6",2014-01-11,891.85,56464,44754200,1032586,110670,438326.06694852,287,13787,14596.2101729856
"7",2014-01-13,807.83,54756,45580900,1044258,110334,506489.6974431,326,13840,18058.6488747028
"8",2014-01-15,847.7,60392,28107200,1056556,115087,717169.64756422,321,13897,15211.9653082472
"9",2014-01-17,793,58397,39031700,1069475,113632,464566.52066186,349,13954,13610.7058021159
"10",2014-01-19,833,49224,24365700,1081937,94782,509881.87175671,346,14004,16368.4305071198
"11",2014-01-21,822.56,71521,18997300,1094815,136930,615535.64463269,322,14072,15300.924169699
"12",2014-01-23,813.02,63527,15607100,1109187,127975,550964.53966759,395,14137,15834.6773384094
"13",2014-01-25,806,55371,24303900,1124732,108098,534461.28935303,380,14197,16903.7992186766
"14",2014-01-27,777,60746,49233600,1136756,145032,789929.91361946,288,14254,17558.1398335931
"15",2014-01-29,803.6,61786,17984400,1151305,124466,482434.92966879,303,14316,17230.9695261348
"16",2014-01-31,802.5,61999,17107900,1163953,132531,455912.56654336,397,14377,20066.4455241064
"17",2014-02-02,819.57,50400,11300900,1175250,112877,455281.81243648,435,14434,19412.1049091899
"18",2014-02-04,809.05,65812,16609700,1187610,140332,678275.46040309,392,14502,18430.5939868151
"19",2014-02-06,778,69721,50108700,1200142,142991,853640.94602218,376,14577,21761.8906024157
"20",2014-02-08,707,64069,38742600,1212010,131014,602439.98447918,371,14650,22804.3763797769
"21",2014-02-10,665,67622,112758000,1224187,155591,640746.22963622,356,14712,19937.5404920335
"22",2014-02-12,667.01,62805,25367600,1235899,121999,655177.74973394,344,14784,21761.8906024157
"23",2014-02-14,672.1,76660,102506000,1246606,148377,788230.06913419,347,14866,24889.3479344994
"24",2014-02-16,623.5,56785,40061700,1256708,110198,535099.11889221,437,14929,25149.9693788397
"25",2014-02-18,626.77,68333,20015100,1266787,163002,505763.65415401,322,14997,25980.5116973035
"26",2014-02-20,582.7,71666,46905000,1278074,159962,494954.94146968,494,15075,26602.7994026282
"27",2014-02-22,603.98,59691,31254000,1287551,132542,376956.44479346,392,15148,25513.79591831
"28",2014-02-24,545,68496,57893900,1297395,167219,753715.2433615,428,15222,28314.0905922709
"29",2014-02-26,585.38,71527,64642700,1309676,166920,686983.72460139,511,15313,28158.5186659398
"30",2014-02-28,577.97,71658,28076100,1320250,145830,601985.11913715,460,15391,35659.9638677987
"31",2014-03-02,559.88,59067,7950760,1329950,139563,539949.01498837,416,15466,28262.4181718192
"32",2014-03-04,677.61,85916,55344600,1340251,201394,1100369.10187331,373,15562,26365.6115831065
"33",2014-03-06,657.02,71619,16068100,1350166,171560,672160.80575301,452,15650,30728.2667371457
"34",2014-03-08,609,71019,18654200,1359174,154394,1754719.95561641,445,15728,33194.1153024722
"35",2014-03-10,621.99,66786,20639800,1367298,164890,1634554.23194522,376,15802,31297.3087137595
"36",2014-03-12,642.1,76019,18621200,1375583,165460,1002730.26825918,364,15887,31866.3506903734
"37",2014-03-14,636.47,68735,11913800,1383969,139218,689820.95710827,434,15968,29367.8475506144
"38",2014-03-16,634.94,58730,5277290,1391529,121995,462623.86095366,408,16031,33382.1576474609
"39",2014-03-18,627,57881,24011500,1395653,140518,2075230.60837841,277,16090,30635.5244233027
"40",2014-03-20,590,72117,20572900,1403048,141026,775632.17229385,480,16159,35283.6729564935
"41",2014-03-22,557,69139,17360700,1411232,137388,458635.5371787,424,16244,37185.1882655261
"42",2014-03-24,572,67382,22706900,1419150,155589,638123.37551283,321,16312,42044.6162774982
"43",2014-03-26,585.7,69897,16401100,1428415,146464,501214.93317907,375,16389,39324.9976022039
"44",2014-03-28,503,69155,58828300,1436682,163425,806230.24878874,360,16470,45547.3073493881
"45",2014-03-30,449.02,55333,42958300,1443948,150155,551880.31495513,326,16532,37084.9660932176
"46",2014-04-01,479.51,64692,35685800,1451982,157020,703152.6026941,334,16604,44551.7377898386
"47",2014-04-03,446.31,67292,40765500,1459364,137224,842061.80306996,449,16678,51769.6170965723
"48",2014-04-05,451.84,59610,13404500,1466318,135497,753433.73427552,394,16749,54454.168877057
"49",2014-04-07,447.74,62222,15616600,1473588,134360,445138.84882976,324,16813,44415.1321567057
"50",2014-04-09,443.1,64278,13204400,1481350,144875,485103.87810632,353,16892,44110.9189227557
"51",2014-04-11,427.99,66874,62562800,1490494,146801,827736.81518432,459,16971,45327.7718585558
"52",2014-04-13,405,49420,22493500,1497044,150009,377624.96825029,362,17029,60538.4335560578
"53",2014-04-15,489.91,74882,49561000,1504640,166401,680667.7525881,290,17111,59321.5806202576
"54",2014-04-17,495,67212,34025500,1512017,141012,815861.17858358,475,17194,60364.1060676353
"55",2014-04-19,499.9,56685,19588200,1518969,127435,581524.68202475,460,17258,56547.9844196814
"56",2014-04-21,496.5,57961,15171400,1526798,124225,704751.17421846,328,17321,61404.8665170773
"57",2014-04-23,487.3,72147,9814530,1534956,134126,722510.50603313,378,17400,60711.0262174494
"58",2014-04-25,459.15,78038,46856500,1542893,157853,550861.72910345,437,17482,56894.9045694954
"59",2014-04-27,440.1,50392,10949500,1550878,147987,278902.36639301,355,17546,57935.6650189374
"60",2014-04-29,447.7,64207,16401400,1558676,145888,566494.92181055,337,17618,54813.3836706114
"61",2014-05-01,460.01,60910,12871800,1565426,134499,471807.9025223,412,17690,66817.8858733963
"62",2014-05-03,434.5,56112,9849640,1571997,103028,658967.9920934,438,17753,57272.4736057682
"63",2014-05-05,427.83,63433,10004800,1578831,113712,575576.64310917,337,17817,49715.688893896
"64",2014-05-07,446.65,70424,18332200,1586766,137586,799617.09275838,446,17897,64829.2583176404
"65",2014-05-09,452.02,67693,10347900,1593737,140925,1352519.57827306,466,17972,66022.4348510939
"66",2014-05-11,435,51666,12251700,1599792,143525,481606.52048837,378,18034,66022.4348510939
"67",2014-05-13,438.95,70672,7682670,1606735,125036,708545.99580866,328,18112,74817.9710179175
"68",2014-05-15,448.99,72761,7362980,1614349,151809,790157.09320693,388,18192,73057.5481704371
"69",2014-05-17,449.08,55577,2945790,1620557,115383,484797.37322473,425,18264,80539.3452722289
"70",2014-05-19,446.42,60368,6242620,1627280,127935,478218.72147765,346,18334,77898.7110010083
"71",2014-05-21,494.87,71120,14626000,1634540,145579,880729.10976052,389,18419,78338.8167128784
"72",2014-05-23,527.47,74593,34934700,1641667,155129,1246459.49216516,408,18501,69536.7024754763
"73",2014-05-25,575,53928,47010300,1647891,159903,808996.96560082,410,18566,78483.2567556605
"74",2014-05-27,581.87,67040,38032000,1655830,145771,889789.70970226,295,18643,67048.6100760278
"75",2014-05-29,568,65930,18707800,1664442,143379,700606.52299748,371,18723,68088.1234105399
"76",2014-05-31,620.45,55166,15107100,1672398,123216,602173.78059198,459,18793,79003.0134229165
"77",2014-06-02,631.49,61179,45450200,1680069,140278,711248.76116934,347,18863,93036.4434388293
"78",2014-06-04,644.66,66435,37731500,1688351,154092,924375.50407307,411,18943,95115.4701078534
"79",2014-06-06,655.75,64859,18680100,1696012,150478,1178339.3234135,421,19021,86494.3621241971
"80",2014-06-08,652,47730,8614190,1703187,153084,815990.02889214,387,19080,87663.2048556052
"81",2014-06-10,649.89,65460,17913400,1711347,150796,614894.55200349,289,19154,103442.581729614
"82",2014-06-12,617,61583,50818800,1720129,140825,686936.35310038,377,19227,90585.3116841254
"83",2014-06-14,557.92,58961,38481200,1727532,136421,472211.46093956,412,19299,102858.16036391
"84",2014-06-16,595,65347,28677500,1735471,144825,723679.88304108,274,19369,118637.537237919
"85",2014-06-18,604.6,66992,17862000,1744305,153204,573046.44296623,358,19445,113768.842858603
"86",2014-06-20,593.33,59884,18134100,1752029,142279,609970.36412051,342,19517,123807.270169656
"87",2014-06-22,596.08,50429,10877700,1759074,166479,520673.98660926,335,19580,129161.098068884
"88",2014-06-24,585.54,64766,14144900,1766949,149893,974332.67512282,300,19650,132507.240505902
"89",2014-06-26,569,62354,14655900,1775116,141973,523609.74455096,514,19724,114438.071346006
"90",2014-06-28,597.08,56883,13398100,1782880,123855,386544.90990579,475,19792,125145.727144463
"91",2014-06-30,620,62009,46422400,1791263,136152,586067.1146616,319,19861,104506.281189491
"92",2014-07-02,654,67724,25768200,1800748,152310,953854.0658648,431,19946,116210.984682714
"93",2014-07-04,635.49,61901,22237200,1809955,128352,425600.3181073,444,20017,133768.039922549
"94",2014-07-06,634.49,53366,10080000,1817503,163209,392600.46040786,399,20077,124571.487177873
"95",2014-07-08,623.7,70042,10005500,1826405,192201,400562.56687498,344,20154,135440.140421581
"96",2014-07-10,619.78,64146,15880700,1835713,149129,509362.75406203,503,20235,128751.738425453
"97",2014-07-12,631.98,54181,13329000,1844181,145144,457155.40527348,401,20303,137948.291170128
"98",2014-07-14,622.8,59877,12706800,1852238,133673,448907.65125113,340,20370,124959.983751021
"99",2014-07-16,619.48,67767,13182400,1860837,151081,567687.77669964,413,20447,142195.843578748
"100",2014-07-18,629.86,62427,14158100,1869646,141439,552675.72797097,471,20523,137025.08563043
"101",2014-07-20,623.77,54742,5760120,1878182,176955,261004.70793082,402,20591,146504.80853568
"102",2014-07-22,621.03,66921,9602880,1887510,134257,409845.87994376,329,20665,123236.397768248
"103",2014-07-24,601.18,64815,20917200,1896770,150217,518394.67391571,434,20740,128407.155716566
"104",2014-07-26,595.88,57528,10752900,1905232,130299,349792.16065384,439,20810,130395.098646876
"105",2014-07-28,586.96,59561,19316400,1913748,135674,443294.08273934,354,20878,126669.524399822
"106",2014-07-30,573.48,64442,14898800,1930905,151806,401968.06497898,467,20953,162993.873308595
"107",2014-08-01,601.94,69283,18215900,1943654,146378,467637.6989372,515,21032,142503.2149498
"108",2014-08-03,589.79,52550,9917990,1954683,155660,444379.29053042,429,21095,141571.821388037
"109",2014-08-05,580.21,72928,10790800,1970816,166966,529514.94170465,326,21172,122943.950152769
"110",2014-08-07,587.24,70732,11131400,1984961,153189,452393.10864954,435,21258,146228.789196854
"111",2014-08-09,588.61,62960,7922070,1995407,130400,420310.58175391,477,21334,169672.521356757
"112",2014-08-11,578.97,70184,14764200,2005514,161536,495304.6170007,440,21412,178499.415531385
"113",2014-08-13,550.14,75011,25777500,2017054,173743,717606.61444137,388,21502,153980.265046305
"114",2014-08-15,498.16,69698,25598300,2027773,155144,796925.764746,462,21589,159864.861162724
"115",2014-08-17,491.88,59319,24300900,2037795,180542,493900.28127233,423,21679,161826.393201531
"116",2014-08-19,487.5,75458,38422400,2049465,172107,655716.688396,335,21758,202037.799997063
"117",2014-08-21,525.78,75470,49444200,2060507,176373,613696.60549764,445,21841,199134.596112222
"118",2014-08-23,503.88,60189,25171900,2070778,135772,667276.92192128,382,21912,186096.021366779
"119",2014-08-25,503.79,66411,18356700,2081034,148320,837227.98451584,371,21983,158833.546899034
"120",2014-08-27,514.84,74318,22648500,2092230,160858,1473447.11070562,441,22066,190837.321274213
"121",2014-08-29,511.99,67664,17624800,2103178,145588,527726.82576211,453,22142,196763.946158505
"122",2014-08-31,477.98,59751,44632300,2114088,172302,545659.85816352,449,22210,231138.3704874
"123",2014-09-02,483.65,71539,23337900,2125124,153606,574246.06616168,362,22288,194978.303194365
"124",2014-09-04,486,70940,26081400,2135769,152304,443030.79179177,605,22367,227701.934499713
"125",2014-09-06,481.09,67529,10601400,2145615,143414,391892.95539123,417,22442,229065.419137436
"126",2014-09-08,476.61,71754,30238000,2164136,151689,519189.74120786,353,22520,208613.149571593
"127",2014-09-10,485.03,76417,22787800,2175346,164564,506624.70656286,500,22620,212703.603484762
"128",2014-09-12,470.43,66303,15437200,2184552,148941,454009.52762829,422,22693,219521.026673376
"129",2014-09-14,475.49,66033,13105500,2193477,203940,332978.29764532,442,22766,252083.49301791
"130",2014-09-16,468,89326,16797300,2203182,186658,437451.4801107,360,22862,250600.648941334
"131",2014-09-18,428.19,79754,34483200,2212540,168204,652489.24361874,471,22949,274326.15416655
"132",2014-09-20,415.56,62315,36863600,2222984,142592,720476.68165315,475,23023,256532.025247638
"133",2014-09-22,400.98,68526,24127600,2232406,175943,507462.72931351,522,23100,232806.520022423
"134",2014-09-24,431.91,81104,30627700,2242964,171434,957227.81908985,531,23189,241703.584481879
"135",2014-09-26,405.14,73278,21460800,2253475,149986,596150.4681181,539,23279,260177.353092678
"136",2014-09-28,380,62200,23613300,2262294,213832,453805.81756282,515,23362,239501.007151538
"137",2014-09-30,382.67,78590,34707300,2271978,184554,631639.83530477,374,23450,261900.381921106
"138",2014-10-02,375.85,74630,21777700,2281135,161404,624053.19042048,521,23537,255008.266607392
"139",2014-10-04,336,70430,47236500,2289712,137659,701363.38779502,555,23623,246393.122465251
"140",2014-10-06,331.2,75126,79011800,2299839,151236,1220734.77883187,459,23709,275684.612548532
"141",2014-10-08,346.26,80324,54736300,2310933,165335,767509.05548349,492,23799,225716.776524111
"142",2014-10-10,358.97,84811,43665700,2321603,164414,919976.99028072,524,23886,276657.26825683
"143",2014-10-12,364.83,63946,17552800,2331810,206084,462113.00888598,536,23963,257517.457245351
"144",2014-10-14,411.89,81491,38491500,2342157,174859,901154.5787727,467,24056,243597.594691549
"145",2014-10-16,378.02,74010,26990000,2352582,163270,1054418.56351631,581,24142,260997.422883802
"146",2014-10-18,389.68,69474,11416800,2361569,156631,623439.82693195,553,24221,294057.096449084
"147",2014-10-20,384.95,78443,16419000,2370886,155800,779840.44089188,483,24305,240117.629053098
"148",2014-10-22,385.1,79546,11641300,2381387,171845,856126.74199511,537,24396,297537.062087534
"149",2014-10-24,358.46,81643,15585700,2390219,165243,729895.51244619,626,24486,291583.508500603
"150",2014-10-26,355.43,70537,11272500,2399236,183560,869465.61157129,468,24567,232551.264448334
"151",2014-10-28,354.94,88600,7845880,2412721,177816,831304.765164,462,24664,268328.382055769
"152",2014-10-30,337,93338,30177900,2422956,175625,713144.34488875,551,24762,309472.067304321
"153",2014-11-01,327.39,74548,16677200,2432909,146848,827309.28921018,623,24851,286216.940859487
"154",2014-11-03,325.81,84522,12948500,2442649,157911,1042661.31169631,486,24946,277272.661457628
"155",2014-11-05,341.99,89249,19817200,2452837,171401,1152156.04524148,536,25045,314993.428436733
"156",2014-11-07,342.26,89542,16834200,2462589,163094,878920.59405894,650,25148,283494.08559306
"157",2014-11-09,356.34,72217,24205600,2472448,223383,527379.88690336,607,25237,273650.540954412
"158",2014-11-11,365.04,87338,15838900,2482915,168913,696341.69864222,505,25334,277587.958809871
"159",2014-11-13,406.56,100117,58945000,2493727,197029,1238485.91957366,583,25443,287431.503448519
"160",2014-11-15,373.14,74831,15727500,2504332,156976,818788.58234888,624,25536,295306.339159437
"161",2014-11-17,378.48,85201,41518800,2514428,171933,810899.07534347,492,25632,299243.757014897
"162",2014-11-19,374.77,87321,18931800,2524914,175445,932714.63839873,540,25729,274455.576194397
"163",2014-11-21,356.9,86577,29850100,2534878,174282,1154314.51644698,629,25825,248412.346336535
"164",2014-11-23,362.99,75041,15151600,2544836,224922,630481.04904165,554,25913,282468.877689124
"165",2014-11-25,381.03,82813,25442200,2554674,169442,971907.56273093,518,26010,256425.647831262
"166",2014-11-27,372.62,82979,8748030,2564992,178381,1029359.48563399,709,26108,262435.623952307
"167",2014-11-29,377.22,81452,15375600,2573701,166646,1033732.09380443,681,26201,302502.131425942
"168",2014-12-01,381.72,95220,11763000,2583362,174232,1309082.45020115,576,26309,286475.528436488
"169",2014-12-03,378.25,97296,13340100,2593733,199881,1219368.15127836,563,26421,242402.37021549
"170",2014-12-05,373.98,92900,15181800,2604407,194141,1282269.54822538,553,26528,298317.320157643
"171",2014-12-07,375.73,77357,6491650,2613340,232300,804717.07800194,564,26618,242631.420394883
"172",2014-12-09,350.29,89587,32915500,2623710,191539,1356402.29981206,560,26722,276440.716679416
"173",2014-12-11,356.1,85829,32431300,2633643,187113,826047.1887328,742,26822,288373.409485721
"174",2014-12-13,350.31,79512,11675900,2643050,174655,936868.67892037,742,26910,284395.845216953
"175",2014-12-15,352.15,95727,17264200,2652862,215842,838145.72452451,648,27017,304283.666560796
"176",2014-12-17,318.2,93704,37567900,2662926,203993,1013157.42905541,693,27129,252575.331066804
"177",2014-12-19,317.63,92052,23823100,2671548,160502,883379.82086192,592,27241,243219.983474761
"178",2014-12-21,326.93,80829,15207600,2679956,204217,597130.43026313,497,27342,284410.464547099
"179",2014-12-23,336.96,99770,16574200,2690142,210726,1095934.41369359,447,27452,317755.139700897
"180",2014-12-25,319.31,70684,9883640,2698222,147374,901768.47014606,583,27541,331485.300058343
"181",2014-12-27,314.45,78776,15185200,2706304,188604,711498.40509584,355,27624,313832.236741627
"182",2014-12-29,314.49,79812,12302500,2715465,159314,693097.27339694,505,27715,331485.300058343
"183",2014-12-31,317.4,83768,13942900,2723272,157377,989198.00398385,558,27805,313142.288941348
"184",2015-01-02,316.15,72234,7860650,2730066,168563,695649.94840863,627,27875,323243.653100747
"185",2015-01-04,270.93,85570,55629100,2738654,206228,1193920.56098825,692,27971,335365.290092025
"186",2015-01-06,276.8,87160,23245700,2747920,179154,1113410.3733558,639,28073,317182.834605108
"187",2015-01-08,276.8,99126,19982500,2757765,186319,1220111.03672496,943,28176,272736.832303755
"188",2015-01-10,278,105895,15264300,2768262,251092,1161365.52865211,833,28293,284858.469295033
"189",2015-01-12,270,98185,18880300,2779043,185802,1006862.22689702,655,28400,358478.281006871
"190",2015-01-14,176.5,104481,97638700,2788850,228898,2363588.9373267,607,28518,330062.319707546
"191",2015-01-16,205.35,112530,38421000,2798054,219873,1973818.74113198,731,28637,325690.633353804
"192",2015-01-18,211.18,87047,30085100,2806605,223392,987549.52582922,703,28740,325690.633353804
"193",2015-01-20,212.99,98890,24051100,2815937,194860,1340464.00049826,653,28847,262301.18122454
"194",2015-01-22,233.9,94979,33544600,2825099,188687,1361930.61690907,683,28955,327876.476530675
"195",2015-01-24,244.64,89630,24782500,2834247,172854,1201496.77972027,520,29050,264487.024401411
"196",2015-01-26,271.47,105423,106794000,2844400,236920,1985592.62886128,540,29167,277602.083462638
"197",2015-01-28,249.25,89287,44352200,2854516,165874,928260.25552627,566,29270,324166.338971824
"198",2015-01-30,230.11,86360,26605200,2865410,167768,928813.67716579,554,29360,285184.310867618
"199",2015-02-01,220.72,79193,29128500,2874618,208727,825510.1536928,476,29454,348786.567248165
"200",2015-02-03,236.51,93499,40783700,2884217,207461,1169774.19115305,646,29554,276977.568108837
"201",2015-02-05,217.37,90028,22516400,2893599,181629,1271930.42115654,690,29650,301597.796385178
"202",2015-02-07,225.16,86207,21604200,2902737,180449,698170.29049446,690,29742,352889.938627556
"203",2015-02-09,220.39,95860,27791300,2912046,197636,813074.01746251,664,29849,342533.060667745
"204",2015-02-11,221.99,98701,17201900,2922162,189188,868785.5271185,654,29959,331483.607097818
"205",2015-02-13,239.94,107390,42744400,2937837,256202,1009747.505182,649,30078,309384.699957963
"206",2015-02-15,243.99,85355,56552400,2950855,295507,734014.84018681,582,30212,296125.35567405
"207",2015-02-17,244,98899,27363100,2963555,226216,769047.25304032,569,30341,342533.060667745
"208",2015-02-19,241.59,96005,18270500,2977411,181312,703399.90949074,756,30456,362422.077093614
"209",2015-02-21,245.66,92541,12284200,2992923,248310,765685.84176572,703,30573,304964.918529992
"210",2015-02-23,237.09,96936,16400000,3005138,215517,718922.65058422,668,30683,317934.931985704
"211",2015-02-25,238.59,104785,11496200,3016006,194596,793938.98173403,686,30794,362028.097735547
"212",2015-02-27,254,103395,44013900,3025567,199935,1875028.08471918,667,30905,366669.483603951
"213",2015-03-01,247.56,86274,25213700,3034588,229461,915290.39002866,609,31019,348103.940130333
"214",2015-03-03,275.8,109142,50461300,3044636,216316,1209244.95020012,554,31145,357386.711867142
"215",2015-03-05,265.63,96611,41302400,3055406,195590,1005916.16768337,744,31259,264558.994499053
"216",2015-03-07,275.83,94270,17825900,3065109,222227,982317.32652059,734,31378,327217.703722513
"217",2015-03-09,287.48,96449,59178200,3074557,201698,869353.14221592,662,31488,311208.023870146
"218",2015-03-11,293.29,102856,33963900,3084290,208179,964364.13183308,746,31616,391367.666382153
"219",2015-03-13,289.51,96745,31421500,3094389,198297,936006.72143021,730,31733,327711.479681442
"220",2015-03-15,283.57,84477,11970100,3103168,222639,567261.99246776,731,31833,346572.572037208
"221",2015-03-17,287.02,104238,21497200,3112613,199845,879535.33876491,634,31945,337142.025859325
"222",2015-03-19,260.62,102414,52732000,3121374,190851,1264777.94068933,577,32061,337142.025859325
"223",2015-03-21,257.83,100458,17130100,3129263,218099,671989.20063153,660,32172,337142.025859325
"224",2015-03-23,266.07,106330,22811900,3138102,221091,777604.43457359,600,32283,358360.754759562
"225",2015-03-25,245.68,93930,35866900,3146872,182792,1048542.22334859,719,32384,385508.770219478
"226",2015-03-27,248.63,106302,17274900,3157241,202290,1081116.66750325,891,32492,399442.822155122
"227",2015-03-29,244.05,87456,21699400,3166526,228699,542197.76718128,687,32594,350673.640380369
"228",2015-03-31,242.92,105294,22672000,3177707,203189,780481.87587118,622,32706,346028.956401821
"229",2015-04-02,252.44,115686,26272600,3188600,214884,919886.26991398,703,32832,341384.272423273
"230",2015-04-04,253.77,94152,12493500,3199026,228536,534385.21188594,823,32944,357640.66634819
"231",2015-04-06,254.7,100949,20034200,3208776,189967,630939.01993173,755,33054,317081.150318859
"232",2015-04-08,245.89,108047,30086400,3219437,214628,920414.83275547,746,33172,292501.216185614
"233",2015-04-10,235.71,114091,28882000,3230462,215133,938294.35791121,857,33288,349035.064692078
"234",2015-04-12,236.76,88884,12387900,3239625,193479,518158.27483656,761,33389,334287.104212131
"235",2015-04-14,216,113372,31719000,3250058,219510,1094007.7092717,634,33510,388362.959305269
"236",2015-04-16,229.62,104063,24805400,3260309,196262,1092751.34812473,717,33616,339203.09103878
"237",2015-04-18,222.32,100484,12939000,3269978,225102,888595.0446465,777,33722,326913.123972157
"238",2015-04-20,224.63,115128,18364700,3279011,253148,1314222.73996918,654,33832,408026.906611865
"239",2015-04-22,237.34,113657,23847900,3289120,222085,1492167.7949415,792,33951,338442.961883245
"240",2015-04-24,230.93,110568,21448700,3299459,205205,1300018.22486733,906,34068,284008.079902024
"241",2015-04-26,218.42,93761,28943700,3310653,226263,986913.30414249,715,34176,352643.365878346
"242",2015-04-28,222.66,112434,21469200,3320401,218502,1282095.82138934,623,34294,371577.237871815
"243",2015-04-30,235.13,114070,33818600,3329868,215077,1220912.9665672,741,34414,314775.62189141
"244",2015-05-02,234.13,96416,12535500,3338506,238390,938951.08096503,704,34523,347909.897879979
"245",2015-05-04,236.17,94120,21223400,3347618,190201,1115767.98656564,783,34622,312624.333322854
"246",2015-05-06,235.79,113496,29587200,3360999,219506,1163293.86459167,691,34739,338676.361099758
"247",2015-05-08,244.72,108365,27445500,3372534,261673,1125450.44812344,670,34859,350518.191907442
"248",2015-05-10,239.35,90054,15019100,3380972,213909,995251.99259907,653,34963,305519.234838243
"249",2015-05-12,241.51,114424,19282600,3391659,233523,1161665.75126715,494,35083,374201.85352281
"250",2015-05-14,238.32,101228,24413700,3401823,201739,1047459.52878189,783,35193,331571.262615148
"251",2015-05-16,236.63,93025,11089700,3411578,236081,744402.1925933,653,35300,303150.868676707
"252",2015-05-18,236.45,97915,16780300,3421590,197816,827210.09639961,772,35405,332393.969070261
"253",2015-05-20,234.6,107683,15499400,3432989,221491,1191754.86005537,732,35520,344525.13582465
"254",2015-05-22,240.5,100591,27003000,3444694,207671,1165755.11740062,748,35627,344525.13582465
"255",2015-05-24,240.46,87996,11508000,3455075,246182,702062.28047119,784,35732,342098.902473773
"256",2015-05-26,235.94,106971,16425000,3467023,222322,1039896.70267123,653,35850,327541.502368506
"257",2015-05-28,236.48,109786,13829600,3480210,220123,1049285.99305219,914,35970,320262.802315872
"258",2015-05-30,231.12,132907,14098600,3490449,269743,928260.47829608,872,36102,300852.93550885
"259",2015-06-01,222.4,116959,26090500,3500077,252174,1473819.95234975,633,36219,332393.969070261
"260",2015-06-03,226.29,125399,17752400,3511027,239702,1325341.04413882,666,36356,335928.179909096
"261",2015-06-05,224.15,109700,18056500,3521147,232715,1443588.41218435,842,36478,335928.179909096
"262",2015-06-07,222.6,88440,13318400,3529529,225189,1064474.91631962,919,36587,395070.465104359
"263",2015-06-09,230.1,115633,28353100,3540083,208925,1244998.71711074,693,36696,383242.008065307
"264",2015-06-11,229,125147,14416000,3551064,258189,1392935.77553564,1008,36845,366682.168210633
"265",2015-06-13,230.22,112813,13305300,3560971,246532,1103192.29356596,792,36974,373779.242434065
"266",2015-06-15,236.46,122279,19912100,3571055,277522,1370312.7878618,856,37102,370533.288636225
"267",2015-06-17,249.96,133747,43858400,3583017,256567,1955229.23569198,755,37251,350771.513242293
"268",2015-06-19,246.45,125430,23965300,3595963,247406,1837052.8604348,758,37396,397705.729802882
"269",2015-06-21,242.47,91203,10600900,3607698,224267,921198.44574043,781,37518,301367.074757463
"270",2015-06-23,243.92,128795,15108700,3619636,271463,1260338.90959438,664,37680,353241.735166535
"271",2015-06-25,241.92,113329,16133100,3631878,199310,942740.57984613,1041,37796,395235.50787864
"272",2015-06-27,248.5,108876,20488600,3643621,258833,1294255.24826031,968,37919,316188.406302912
"273",2015-06-29,253.8,117119,34742900,3654521,224321,1139559.77246272,737,38041,336442.885099528
"274",2015-07-01,257.85,150917,27029800,3672238,250536,1280883.7649577,892,38212,356089.184959354
"275",2015-07-03,255.1,138811,19033800,3684712,270019,1337098.45126332,1301,38356,397837.572161486
"276",2015-07-05,270.92,101714,44156100,3696670,241519,933717.89050052,1374,38473,356089.184959354
"277",2015-07-07,267.26,201921,28857600,3709806,295662,1344477.33376933,1483,38664,363456.547406789
"278",2015-07-09,270.68,187202,40301200,3723311,263045,1298475.19061253,861,38875,338898.672582006
"279",2015-07-11,293.5,171652,41109900,3739207,278810,1354466.27273041,836,39085,356089.184959354
"280",2015-07-13,289.9,176542,62053900,3751805,232590,1331647.86293933,753,39299,368157.891393933
"281",2015-07-15,290.95,122340,27486600,3797826,234754,1268311.65074534,780,39504,391009.070859764
"282",2015-07-17,277.99,118048,27591400,3809138,214161,1229550.44065827,1003,39696,365618.871453286
"283",2015-07-19,276.09,134643,15332500,3820052,242814,751333.20894044,653,39888,363079.851512638
"284",2015-07-21,278.97,123367,22930700,3833426,240028,1096580.92504881,649,40024,355462.791690694
"285",2015-07-23,276.64,111582,18531300,3846817,207134,1185367.95331415,826,40158,378313.971156525
"286",2015-07-25,287.12,106038,20662200,3859171,201269,879910.289118,975,40277,397611.600337113
"287",2015-07-27,290.79,111331,30592000,3872002,229418,926695.32234254,994,40414,402809.137596422
"288",2015-07-29,290.7,136195,24672600,3885141,255290,1103188.35067146,806,40606,387216.525818496
"289",2015-07-31,284.78,133640,23629100,3897914,232699,1041513.33587071,1033,40820,361228.839521953
"290",2015-08-02,280.69,98976,17722200,3912526,248553,671499.46895545,877,41012,408006.674855731
"291",2015-08-04,285,132719,21908700,3926950,265834,1075348.88338802,655,41182,374222.682670224
"292",2015-08-06,277.1,132494,18792100,3939766,247781,1103973.30483025,691,41397,363827.608151607
"293",2015-08-08,269.89,104420,58533000,3950759,233508,1303148.20584795,794,41538,411296.569970398
"294",2015-08-10,264.07,110686,20979400,3961954,220994,1381572.86738124,791,41659,458451.590731335
"295",2015-08-12,267.89,115754,26815400,3975331,232055,1281112.96049936,751,41789,322225.975199739
"296",2015-08-14,266.99,107950,27091200,3991048,220370,1328948.01854493,808,41911,351042.932331422
"297",2015-08-16,257.47,86583,29717000,4004155,228284,1145737.75450938,755,42022,385099.336214322
"298",2015-08-18,253.91,120131,42147200,4017248,244699,1704654.57819601,684,42148,379859.889463106
"299",2015-08-20,233.23,116834,32275000,4036635,222182,1570874.33075624,906,42273,406057.123219183
"300",2015-08-22,226.04,107795,23205900,4088174,259239,1217558.10519093,780,42393,412658.093587566
"301",2015-08-24,213.24,117026,59220700,4101954,237850,1811809.74775576,689,42516,423446.540478744
"302",2015-08-26,228.84,125549,31808000,4121710,243215,1656288.98965849,742,42647,418052.317033155
"303",2015-08-28,234.17,121692,31336600,4134777,243840,1621121.82969799,894,42770,401869.646696388
"304",2015-08-30,226.47,92338,19412600,4146673,229116,799631.7901388,627,42878,388384.088082415
"305",2015-09-01,228.32,140970,20575200,4159985,272866,1568804.78554721,667,43021,409960.981864772
"306",2015-09-03,227.42,137446,17482000,4173275,249811,1211735.92029585,911,43212,407263.870141977
"307",2015-09-05,234.67,137427,20671400,4182841,284893,1077080.37498207,726,43334,427538.389387399
"308",2015-09-07,241.31,119041,21192200,4195635,238459,950863.32113993,1128,43457,385067.688454876
"309",2015-09-09,240.08,128619,23635700,4208444,265428,1451482.77586577,1028,43646,399224.588765717
"310",2015-09-11,239.93,165288,19224700,4222150,252398,1280146.77374673,1134,43882,489828.750755099
"311",2015-09-13,229.86,139320,18478800,4244070,279964,814693.73468515,1307,44065,396393.208703549
"312",2015-09-15,230,165993,19177800,4259086,263932,1321276.59276954,882,44289,461514.950133417
"313",2015-09-17,234,241346,18935400,4273816,250985,1352347.35497333,855,44490,399224.588765717
"314",2015-09-19,230.71,117999,12712600,4288079,230379,1301022.97437046,860,44638,389344.072709366
"315",2015-09-21,226.56,124667,19678800,4303881,285612,1487223.85422618,786,44768,389344.072709366
"316",2015-09-23,229.95,134964,17254100,4318568,250674,1354982.61012441,941,44923,442436.446260643
"317",2015-09-25,235.79,130740,22363600,4332591,255255,1449833.86953349,911,45063,477831.361961494
"318",2015-09-27,232.85,107256,14179900,4345824,251247,762590.48217554,1087,45189,424738.988410217
"319",2015-09-29,237.68,139440,22691300,4362605,267985,1643197.11596666,667,45336,510276.701353941
"320",2015-10-01,238.98,135885,20488800,4382134,247211,1408171.12430942,955,45487,465548.431663339
"321",2015-10-03,239.17,132880,16482700,4399506,234800,1180360.35979522,1018,45621,459502.348135243
"322",2015-10-05,239.22,117528,23335900,4415032,226632,1215322.43152534,863,45737,447410.181079053
"323",2015-10-07,245.25,139516,22999200,4439625,239250,1481143.69498892,906,45897,408110.638146433
"324",2015-10-09,244.78,119490,17353100,4478025,211096,1352775.24589824,896,46069,402064.554618338
"325",2015-10-11,248.08,105878,16827300,4493934,234919,980167.58991442,928,46250,453456.264607148
"326",2015-10-13,249.58,133757,28198500,4516989,235683,1618164.22785873,845,46405,405087.596382386
"327",2015-10-15,254.73,157228,25223500,4538391,307247,2130369.11669856,1087,46571,493327.875053937
"328",2015-10-17,269.07,139308,43199600,4556219,313859,1734621.27763957,954,46737,396478.230871569
"329",2015-10-19,264.16,136583,25258800,4575077,266086,1370688.34441818,1013,46895,502407.529196034
"330",2015-10-21,269.1,161031,25637300,4593770,309724,1461543.98073273,829,47065,438849.950201355
"331",2015-10-23,277.43,146222,29442500,4611251,281281,1442045.16596602,1138,47227,466088.912627646
"332",2015-10-25,295.01,128209,45717100,4627736,278147,1349019.65013315,1005,47384,469115.464008345
"333",2015-10-27,294.73,141609,46331800,4642084,282636,1817399.43008303,985,47544,478195.118150442
"334",2015-10-29,310.36,165622,64495900,4665697,297971,2282588.66553864,1126,47710,458010.013458184
"335",2015-10-31,310.92,155292,48598100,4688287,318120,1892685.65373998,1270,47878,470388.662470568
"336",2015-11-02,340.69,159656,101918000,4711290,298505,2318357.45566288,991,48049,448726.026698897
"337",2015-11-04,437.05,211121,263900000,4738010,392233,11707414.8602183,1039,48272,479672.649229855
"338",2015-11-06,388.38,165214,122687000,4762528,354664,2867169.8020302,967,48477,423968.72867413
"339",2015-11-08,381.51,134785,51817600,4782986,333196,2106559.62605101,940,48644,433252.715433418
"340",2015-11-10,353.58,154030,95797900,4804531,295638,2580989.22593423,954,48813,442536.702192705
"341",2015-11-12,331.6,154219,78477800,4824260,301266,2970257.4198988,982,48991,477906.839865056
"342",2015-11-14,331.9,156065,38612000,4843010,348007,3242922.67522939,1104,49153,497546.846982798
"343",2015-11-16,329.32,150942,47980100,4862637,310746,2538621.21886518,892,49310,576106.875453766
"344",2015-11-18,334.46,168587,43783800,4884841,328378,2009885.64118862,891,49490,458266.832747314
"345",2015-11-20,320.62,155128,53152900,4910696,298609,2253779.26709082,990,49654,520460.188620164
"346",2015-11-22,322.33,126564,23439400,4933602,265164,1104568.38641244,1051,49808,569560.206414519
"347",2015-11-24,321.1,150056,29362600,4956487,307413,1414610.27226752,832,49975,549490.493161529
"348",2015-11-26,348,164730,106105000,4978961,319759,2148058.27435435,960,50148,585641.183501104
"349",2015-11-28,353.88,171602,36816600,5001270,349162,2064689.21498565,1182,50322,527800.078957785
"350",2015-11-30,372.53,172183,71701600,5022931,384237,2271903.22712902,1191,50492,542260.355093615
"351",2015-12-02,360.98,177277,54160500,5047389,339855,2701487.04874463,1230,50692,531415.147991742
"352",2015-12-04,360.88,160944,35784100,5073123,274245,2667462.20828101,1257,50869,527800.078957785
"353",2015-12-06,390.04,179777,77762000,5098858,374142,5637565.63396128,1206,51071,621791.873840678
"354",2015-12-08,394.99,192097,57801400,5132084,374956,2992135.18511897,1249,51275,625219.908580448
"355",2015-12-10,415.64,211452,52138900,5163651,403387,3370213.78203313,1179,51501,770711.333847596
"356",2015-12-12,426.06,211456,131969000,5194282,457574,3535444.34352363,1381,51720,656677.514043615
"357",2015-12-14,445.6,221499,130496000,5221808,423138,4813539.63477488,1399,51934,692067.320189678
"358",2015-12-16,454.43,222531,107944000,5247121,411804,4432222.99304562,1442,52160,660609.714726511
"359",2015-12-18,458.95,214387,60220100,5276188,383932,4026919.22355707,1341,52368,629152.109263344
"360",2015-12-20,434.98,191441,75409400,5300870,363933,3854017.04962704,1374,52566,785065.607086862
"361",2015-12-22,435.98,223130,50840400,5330509,391920,4814662.1020518,802,52789,654995.565676021
"362",2015-12-24,453.95,227189,57157200,5356882,410857,4734609.23671508,1230,53009,692158.434650547
"363",2015-12-26,417.99,170904,116166000,5380917,347238,2670582.9444869,1139,53184,864036.70365773
"364",2015-12-28,423.98,166837,49638600,5404163,314685,1979239.84141417,1043,53367,747902.738112336
"365",2015-12-30,428,181836,46889400,5428667,342062,2490059.56835637,972,53564,803647.041574125
"366",2016-01-01,432.33,123623,36278900,5445725,232199,976452.83932417,1304,53710,697129.166405808
"367",2016-01-03,428.13,141064,39633800,5464819,295177,891683.74670075,1085,53867,769424.042921966
"368",2016-01-05,431.9,187012,34522600,5494195,365051,1196076.64228445,968,54067,841718.919438123
"369",2016-01-07,453.71,177873,87562200,5528591,326219,1536633.73193335,1117,54257,743604.444166195
"370",2016-01-09,450.15,178374,32278000,5555945,371151,898916.05854635,1389,54462,821063.240433507
"371",2016-01-11,447.11,179771,40450000,5626227,365605,1754221.80400357,1369,54660,877866.357696202
"372",2016-01-13,429.57,191628,173888000,5687111,341119,1418323.06241855,1222,54864,862135.539441777
"373",2016-01-15,391.62,185105,153351000,5708925,344968,1605659.35419905,1342,55057,693089.355237507
"374",2016-01-17,385.45,192731,45319600,5727557,447783,6688157.58444437,1370,55265,783247.320146451
"375",2016-01-19,378.66,205735,46819800,5748099,382142,10636308.7852004,1166,55493,839596.048214541
"376",2016-01-21,408,210240,68338000,5769550,406195,3520396.33168037,1440,55731,755072.956112406
"377",2016-01-23,388.5,200913,56247400,5790790,435226,33278578.02435,1563,55959,1008642.23241881
"378",2016-01-25,387.09,210592,59062400,5811068,404020,45992222.5580336,1186,56170,974832.995577957
"379",2016-01-27,394.45,226385,47424400,5832080,414610,9956892.4134842,1260,56405,918901.018160999
"380",2016-01-29,377.26,222622,86125300,5869723,424226,6544542.32060855,1149,56637,1014371.25381409
"381",2016-01-31,376.86,168625,37894300,5889715,384209,1414303.01374992,1199,56843,1068073.26136895
"382",2016-02-02,373.48,231998,40378700,5911166,451155,3929600.01519467,1165,57103,978569.91544418
"383",2016-02-04,385.06,201065,69285500,5932993,399236,2341430.41633794,1365,57341,1103874.59973886
"384",2016-02-06,373.04,232752,49249300,5953042,441758,3304540.94750427,1184,57579,1139675.93810877
"385",2016-02-08,375.8,220559,47671100,5974030,396540,2650183.04276792,1245,57821,1153414.86436954
"386",2016-02-10,378.98,233941,85130900,6004822,396665,2522137.31764308,1401,58066,1210727.40421399
"387",2016-02-12,381.46,202906,67042800,6028433,392638,2627933.25533665,1624,58293,1139086.72940843
"388",2016-02-14,402.38,188927,74469800,6048149,390085,2795383.45629101,1550,58497,1289532.14650011
"389",2016-02-16,406.69,218780,73093100,6071809,424752,3996092.80037887,1660,58717,1067446.05460287
"390",2016-02-18,418.97,212765,76752600,6094406,416530,3903312.13967167,1826,58945,1289532.14650011
"391",2016-02-20,439.48,225259,93992100,6118023,440841,4918446.34139917,1508,59169,1284099.85113956
"392",2016-02-22,438.5,224964,85385200,6142217,469044,4350212.80198268,1392,59385,1056537.85220343
"393",2016-02-24,423.1,225112,67743700,6165717,411081,3726616.8745076,1968,59615,999647.352469403
"394",2016-02-26,424.34,209880,61486000,6189910,404307,3335713.66303922,1760,59849,1219082.13715781
"395",2016-02-28,433.47,224697,53033400,6215834,412223,8045197.65443394,1395,60050,1210954.92291009
"396",2016-03-01,431.87,260619,74895800,6243315,451258,11910037.6758963,1233,60285,1040283.423708
"397",2016-03-03,421.44,221257,100484000,6274533,410737,3660823.72515539,1447,60549,1080919.49494659
"398",2016-03-05,401,238117,135385000,6296865,422768,18219205.8849308,1196,60798,1292227.06538728
"399",2016-03-07,411.94,183530,85762400,6319893,372418,2835066.07063714,1209,60990,1220696.14747152
"400",2016-03-09,413.1,187623,70012300,6343080,330958,2036078.80047267,1241,61206,1299450.73763098
"401",2016-03-11,421.22,193874,73969700,6364167,352895,2370005.65766503,1270,61420,1283699.81959909
"402",2016-03-13,412.44,141116,74322800,6384808,310285,1506469.5303606,1475,61581,1031685.13108884
"403",2016-03-15,414.78,197677,66781700,6444611,367761,2178009.21023281,1165,61796,1197069.77042369
"404",2016-03-17,418.64,206973,83528600,6472713,394142,10141726.5496846,1412,62004,1063186.96715262
"405",2016-03-19,405.59,188863,58423000,6494510,350288,5098832.83493789,1291,62196,1110630.46003795
"406",2016-03-21,410.49,189228,61655400,6518812,375082,1990510.37953303,1104,62388,1036588.42936875
"407",2016-03-23,417.8,187877,61444200,6543081,322191,2111320.05752802,1276,62595,1242260.73678319
"408",2016-03-25,416.44,173609,52560000,6565396,326933,2205698.5700938,1307,62789,1192899.38300372
"409",2016-03-27,426.8,161486,71229400,6586048,310868,1669836.53112369,1487,62971,1258714.52137634
"410",2016-03-29,414,191841,75411500,6612101,341678,2003758.54880242,1202,63195,1398571.69041816
"411",2016-03-31,416.94,208976,60215200,6648664,337655,2142400.63480447,1454,63427,1028361.53707217
"412",2016-04-02,418.07,196651,45681200,6672479,394636,1965843.02066126,1506,63650,1244135.05700979
"413",2016-04-04,418.99,200979,50634300,6711189,404374,2056696.28584575,1281,63865,1360254.32899737
"414",2016-04-06,421.09,218585,59091000,6737269,390324,2314862.0778654,1439,64091,1285606.22557678
"415",2016-04-08,422.2,215441,63454700,6762082,370187,2562759.25311453,1418,64300,1169486.9535892
"416",2016-04-10,421.63,181662,73478600,6784740,320083,1926491.65872797,1495,64500,1443196.66613135
"417",2016-04-12,425.89,240200,70728800,6810402,413984,3429822.60844809,1251,64733,1260723.52443658
"418",2016-04-14,423.76,230281,45281000,6834277,415731,2914673.07177847,1518,64970,1465554.23046872
"419",2016-04-16,429.43,192621,39392800,6855579,357397,3332612.61700364,1303,65179,1270146.99973955
"420",2016-04-18,427.28,203165,55670900,6876507,398662,3662053.34914362,1284,65383,1199089.82492895
"421",2016-04-20,442.34,216780,72890100,6898727,371250,4077380.51886435,1313.81818181818,65610.992771,1465554.23046307
"422",2016-04-22,447.25,210976,58804400,6921588,359204,5290883.16457524,1475.35664335664,65832.30556,1270146.99973466
"423",2016-04-24,459.4,183155,68198400,6942443,376201,2223869.59472047,1387.53787878788,66022.678047,1172443.38437046
"424",2016-04-26,467.98,250744,78971900,6968497,436154,2770136.73431053,1660.55629139073,66256.527787,1341204.17454499
"425",2016-04-28,450,247958,74064700,6997552,374956,2696032.68218156,1836.72592592593,66491.604863,1207843.18309188
"426",2016-04-30,447.17,215712,69322600,7025904,371890,1899766.44961192,1477.47945205479,66730.636844,1296655.18184864
"427",2016-05-02,443.9,223785,92127000,7055278,391943,2450687.78288665,1425.3821656051,66945.543491,1394348.38048107
"428",2016-05-04,447.37,233693,50407300,7087522,394207,2276697.82564378,1399.35928143713,67182.121469,1492041.5791135
"429",2016-05-06,460.91,233232,72796800,7116743,375533,2321255.50011312,1439.7037037037,67403.422557,1438754.37985945
"430",2016-05-08,457.82,185562,40315000,7143125,349946,1603646.25087113,1138.41717791411,67595.699639,1447635.57973513
"431",2016-05-10,450,245721,58956100,7171822,405856,2211911.67398541,1555.19620253165,67820.906148,1403229.58035675
"432",2016-05-12,454.7,228409,59849300,7201956,377121,2295414.38032214,1643.23021582734,68037.456408,1342247.86954412
"433",2016-05-14,455.65,211280,37209000,7227274,369111,1910552.81003982,1467.22222222222,68270.363263,1390530.16700974
"434",2016-05-16,454.88,239809,59171500,7248646,424856,2688738.83398478,1700.77304964539,68506.316804,1361560.78853037
"435",2016-05-18,452.9,235084,86850100,7271336,412831,2250217.34378066,1536.49673202614,68763.342408,1487094.76194097
"436",2016-05-20,441.25,209396,81987900,7298025,354677,2134599.69177595,1405.34228187919,68995.465601,1438812.46447535
"437",2016-05-22,438,184348,39657600,7317059,338084,1512379.66885889,1001.89130434783,69232.197591,1776788.54673466
"438",2016-05-24,445.34,246517,65783100,7346565,406728,2514701.15828523,1676.98639455782,69473.753543,1456454.92275853
"439",2016-05-26,452.49,220093,65203800,7376376,364137,3584296.38192588,1630.31851851852,69707.648563,1357376.35658448
"440",2016-05-28,522.43,193054,181199000,7403194,377266,3665525.35247352,1451.53383458647,69954.266231,1317744.93011486
"441",2016-05-30,525.15,211369,87958700,7434197,403738,2248431.58458386,1467.84027777778,70183.64685,1436639.20952372
"442",2016-06-01,539.47,234385,86061800,7464378,405301,2351992.37610488,1639.05594405594,70414.778065,1426731.35290631
"443",2016-06-03,568,234669,122020000,7486653,402066,1938990.17388676,1652.5985915493,70647.105063,1406915.6396715
"444",2016-06-05,574.02,190528,68874100,7514984,368586,1835595.21508521,1120.75294117647,70852.037756,1694243.48157625
"445",2016-06-07,577.54,248576,107770000,7536971,424994,2321510.89889659,1775.54285714286,71085.949397,1406915.6396715
"446",2016-06-09,575.2941375,236353,71301000,7559711,426447,2095207.93460922,1432.44242424242,71320.374441,1608133.93091617
"447",2016-06-11,594.4399875,213159,82357000,7579535,374995,1894576.3445866,1366.40384615385,71547.431252,1520417.53468438
"448",2016-06-13,702.0665,251354,243295000,7601460,451922,2757346.67011431,1561.2049689441,71816.030235,1569148.86592427
"449",2016-06-15,692.289625,262510,99223800,7625562,445830,2323706.83883406,1704.61038961039,72084.519663,1500925.00218843
"450",2016-06-17,743.9164,253752,363321000,7649266,453509,2774465.08796198,1703.03355704698,72365.899824,1452193.67094854
"451",2016-06-19,760.8168,218298,136185000,7670138,414283,2011496.98884978,1233.32203389831,72631.988983,1725089.1258919
"452",2016-06-21,665.9586125,248164,309944000,7692841,468641,2849547.25253714,1665.53020134228,72896.278581,1551383.97529172
"453",2016-06-23,624.542,241300,253462000,7715094,431633,3159340.64339527,1723.57142857143,73147.038052,1457676.2183949
"454",2016-06-25,664.9068875,210998,126656000,7742281,409197,2173917.10954595,1271.07228915663,73402.016245,1728387.51609681
"455",2016-06-27,646.7030125,217029,122134000,7762999,379861,2170091.79897419,1476.38775510204,73628.539644,1530560.02931465
"456",2016-06-29,637.959625,224112,142456000,7784628,371774,1988551.27082552,1535.01369863014,73853.64116,1520148.05632611
"457",2016-07-01,675.1863375,210409,134431000,7805180,375377,2071603.87074733,1340.1847133758,74091.291979,1634679.7592
"458",2016-07-03,658.4175,177127,129512000,7824850,352911,1737085.84009891,1150.17532467532,74289.475653,1603443.84023439
"459",2016-07-05,666.4855875,214959,130476000,7846764,383808,2054743.90302967,1482.47586206897,74515.542073,1538177.1269472
"460",2016-07-07,636.3588625,216812,258091000,7870956,364414,2848551.12251526,1571.10144927536,74740.678598,1463920.30012906
"461",2016-07-09,651.8649125,185405,180536000,7893747,355380,1891222.92486778,1244.3288590604,74951.806042,1580609.5994147
"462",2016-07-11,647.9837,218089,107910000,7917882,395742,2224457.95194936,1525.0979020979,75156.632974,1516960.89071344
"463",2016-07-13,657.4524875,218093,131449000,7942210,367252,2266429.11054586,1677.63846153846,75374.00218,1379055.35519404
"464",2016-07-15,664.57145,216081,81673100,7963235,367739,3349411.14443499,1600.6,75594.261104,1432095.94577842
"465",2016-07-17,675.45905,171013,74407900,7982245,330330,2055306.59991924,1147.73825503356,75808.0463,1580609.5994147
"466",2016-07-19,672.8432,222146,61203300,8003788,373620,2539145.56392858,1735.515625,76040.451695,1358434.53362342
"467",2016-07-21,664.882075,217606,60491800,8026140,364285,2207379.88049399,1636.13533834586,76267.902595,1411498.38259309
"468",2016-07-23,655.8469125,195796,69532200,8045809,332946,1834612.75600814,1494.62595419847,76487.602759,1390272.84300522
"469",2016-07-25,654.69545,240533,78176500,8066462,394635,1930722.47892412,1822.2196969697,76707.940303,1400885.61279915
"470",2016-07-27,654.9810375,235603,147461000,8091577,372678,2515469.55689173,1840.6484375,76945.00209,1358434.53362342
"471",2016-07-29,656.8876125,231414,60703500,8113706,358940,2139879.12046977,1574.24489795918,77185.922058,1560077.15970815
"472",2016-07-31,628.015375,192254,110818000,8133328,344751,1858564.33696221,1248.4025974026,77411.835232,1634366.54826568
"473",2016-08-02,515.0619,252252,330933000,8156634,412309,3536817.41007485,1627.43225806452,77669.742844,1555605.72192362
"474",2016-08-04,577.315771428571,231835,125292000,8183832,387986,3004674.78012408,1515.2614379085,77922.507466,1535533.39002783
"475",2016-08-06,588.231271428571,196551,80797300,8206927,342340,1521422.44136364,1176.95209580838,78144.10785,1676039.71329835
"476",2016-08-08,592.6975,236291,61194100,8229264,411266,1974802.12421969,1585.84563758389,78383.026003,1495388.72623625
"477",2016-08-10,592.1899,245581,102905000,8254418,417668,2174752.25296323,1615.66447368421,78619.54178,1525497.22407993
"478",2016-08-12,587.7556,232973,69218000,8279883,389496,1924492.13278677,1563.57718120805,78868.598621,1495388.72623625
"479",2016-08-14,570.976414285714,200577,60851100,8301680,360393,1718002.7165436,1223.03048780488,79082.466663,1645931.21545466
"480",2016-08-16,581.1185875,256447,58405200,8325833,413844,2767413.52877854,1885.63970588235,79325.901373,1469587.96478611
"481",2016-08-18,576.0360875,239541,59896600,8351388,405409,2327792.80487518,1555.46103896104,79565.75121,1664092.25424309
"482",2016-08-20,583.2078625,210352,45301400,8376577,400866,2110969.43819943,1348.41025641026,79799.205299,1685703.84196053
"483",2016-08-22,588.9727625,229801,72844000,8401982,409008,1991498.22033265,1445.2893081761,80024.444494,1718121.2235367
"484",2016-08-24,582.8479875,237956,56328200,8428792,409928,2131129.91595936,1555.26797385621,80262.257361,1653286.46038437
"485",2016-08-26,581.07245,226767,48856800,8455634,383173,2092780.60537505,1717.93181818182,80486.567043,1426364.78935122
"486",2016-08-28,576.534,174489,86301600,8478843,330360,1302221.63494112,1147.95394736842,80677.97723,1642480.66652565
"487",2016-08-30,578.616575,254486,70342400,8504950,419511,1829715.34751731,1542.33939393939,80927.8873350001,1810682.89469399
"488",2016-09-01,572.818375,238207,76923400,8531200,384065,1788232.5900577,1689.41134751773,81160.0513920001,1547310.83728395
"489",2016-09-03,600.8860875,182204,159014000,8555129,358536,1308424.92080702,1446.06349206349,81368.2416870001,1382703.30140268
"490",2016-09-05,608.10975,227683,82446800,8581092,422792,1713681.50703508,1626.30714285714,81595.1881610001,1536337.00155853
"491",2016-09-07,614.4637625,250809,75032400,8608331,400704,1603741.19003796,1650.05921052632,81836.1117400001,1668023.03026355
"492",2016-09-09,625.0709,222094,64550200,8638044,379259,1761844.57367616,1553.1048951049,82069.7921520001,1569258.50873479
"493",2016-09-11,608.15855,180391,73610800,8664649,373779,1506619.98466324,1099.94512195122,82267.0572590001,1799709.05896857
"494",2016-09-13,610.928125,241215,86920600,8695382,404798,1993041.53633873,1453.10240963855,82509.4260230001,1863551.35256379
"495",2016-09-15,610.386125,233488,59464600,8724302,397310,1564540.18509611,1516.15584415584,82744.601032,1728836.79695677
"496",2016-09-17,608.006875,215529,37140300,8751604,376568,1475509.56483543,1322.26380368098,82976.2387240001,1829872.71366204
"497",2016-09-19,610.1965,223540,54796400,8780464,399754,2074708.00794685,1680.75187969925,83185.6537500001,1493086.32464449
"498",2016-09-21,598.884875,239216,82776200,8811616,408180,1867494.60631729,1441.06024096386,83423.9157430001,1863551.35256379
"499",2016-09-23,604.2225,223187,51067000,8842084,389323,2253377.47809898,1641.08088235294,83640.9553230001,1526764.96354624
"500",2016-09-25,601.7472375,197298,33977800,8871122,374974,1861238.2534579,1060.74193548387,83853.7810280001,2230413.26476147
"501",2016-09-27,605.9622125,243008,49422400,8902585,425011,1775280.08270488,1437.91715976331,84100.5355140001,2026558.28894994
"502",2016-09-29,606.36375,242730,55658600,8935190,440834,1838851.92448833,1697.41258741259,84335.4095670001,1714780.09064995
"503",2016-10-01,614.8238,213930,56357000,8966606,391458,1536124.18253851,1362.61146496815,84566.8368140001,1882660.65896533
"504",2016-10-03,611.8511,260813,46798300,8999227,469732,2004659.20174566,1715.875,84799.6957440001,1822703.31313841
"505",2016-10-05,612.3522875,266811,68077500,9035936,470499,2302843.29977647,1597.67065868263,85061.6263990001,2002575.35061917
"506",2016-10-07,617.21035,268419,64071400,9073828,471181,2375918.79916293,1864.02083333333,85319.8877900001,1726771.55981533
"507",2016-10-09,615.65675,210548,39243400,9108907,410522,2698212.13166017,1315.925,85557.6980900001,2056197.68456892
"508",2016-10-11,639.30995,263565,103590000,9145528,444786,2864039.24135101,1896.15107913669,85793.2007070001,1786321.73846925
"509",2016-10-13,635.9650875,229703,61620700,9176966,400731,2088161.19223908,1794.5546875,86035.4346200001,1644958.14765514
"510",2016-10-15,637.949857142857,210448,39035400,9210781,384627,3408105.66958182,1482.02816901408,86263.2116180001,1824875.44505492
"511",2016-10-17,638.1833875,237232,58063600,9245471,435282,1887070.93736659,1897.856,86478.0774830001,1606404.44106947
"512",2016-10-19,629.253675,201025,69381700,9282480,406991,1956770.55801153,1595.43650793651,86710.4874480001,1619255.67659802
"513",2016-10-21,631.9242125,265355,55951000,9320717,453739,3172355.53479678,1618.01829268293,86971.2013850001,2107602.62668314
"514",2016-10-23,653.0028625,191578,54474600,9355461,376683,1877896.51694899,1330.40277777778,87203.5849680001,1815470.12498659
"515",2016-10-25,655.31995,237030,90378800,9394920,432977,3108006.83436674,1705.25179856115,87461.5419560001,1752432.967869
"516",2016-10-27,682.2239625,326388,96105300,9435917,457806,3492141.35920222,2014.74074074074,87755.3824680001,2042403.89060992
"517",2016-10-29,714.89545,229689,134761000,9475770,416457,1503224.75170966,1541.53691275168,87994.6755280001,1878507.28210418
"518",2016-10-31,702.0015125,241778,97064400,9515530,458880,1806193.77652676,1644.74829931973,88219.8752110001,1853292.41925715
"519",2016-11-02,733.336125,268418,84865200,9559978,461830,4781474.41264023,2018.18045112782,88463.4839570001,1676788.3793279
"520",2016-11-04,703.6940875,248043,99907700,9606933,453192,5890890.01915306,2138.30172413793,88704.4455290001,1462462.04512809
"521",2016-11-06,712.00325,228420,59902200,9649024,429823,5461737.25483181,1483.24675324675,88935.3773700001,1949214.67726041
"522",2016-11-08,708.974875,296060,79660800,9697458,503015,3497745.19994558,1751.83431952663,89211.2372590001,2139073.24972084
"523",2016-11-10,713.690125,271374,68807800,9746096,474281,1759909.00427501,1615.32142857143,89477.4938880001,2126416.01155681
"524",2016-11-12,703.718,228886,64622500,9790842,450559,950069.93175984,1362.41666666667,89719.8760720001,2126416.01155681
"525",2016-11-14,706.467875,270506,62993000,9838510,486756,1547251.34937591,1572.70930232558,89966.3671840001,2177044.96421293
"526",2016-11-16,736.914375,291186,141294000,9891997,494246,1959594.27361589,1692.94186046512,90235.7506680001,2177044.96421293
"527",2016-11-18,747.5217625,275925,87363100,9946870,488365,1605921.95574594,1864.35810810811,90516.5902230001,2073243.13718006
"528",2016-11-20,729.066625,246537,154116000,9994601,438202,1177096.4320142,1911.13953488372,90754.1916650001,1807083.54524478
"529",2016-11-22,748.749375,285635,129906000,10049437,515387,1711822.46950454,2131.60447761194,91011.9086340001,1877125.54312249
"530",2016-11-24,737.450375,333466,85919300,10103701,489272,1901222.46965214,2033.32926829268,91307.8909350001,2297377.53038872
"531",2016-11-26,733.673,279374,54962700,10154293,481755,1213751.2555608,1814.11688311688,91596.5277570001,2157293.53463331
"532",2016-11-28,733.052125,298530,61888600,10202673,515310,1514724.19163008,1820.30487804878,91863.9186500001,2297377.53038872
"533",2016-11-30,742.6967625,292654,84070800,10256870,500015,1366660.3885926,2060.94366197183,92130.2252930001,1989192.73972682
"534",2016-12-02,772.43725,318263,127605000,10314020,513735,1792011.06355991,2210.15972222222,92402.2011990001,2052749.31684044
"535",2016-12-04,764.81625,245650,60557900,10364680,457491,916341.42138662,1659.7972972973,92680.5453350001,2109770.13119712
"536",2016-12-06,756.6215,319762,116218000,10425918,540804,1651414.71147095,2131.74666666667,92959.1281230001,2138280.53837545
"537",2016-12-08,769.72975,282711,80111900,10485871,500354,1425236.29620903,1800.70700636943,93247.4537410001,2238066.96349964
"538",2016-12-10,773.40125,250241,53843100,10538568,454665,1170744.74867142,1895.76515151515,93491.6470410001,1881686.8737704
"539",2016-12-12,777.006875,268662,76571000,10584824,498688,1692640.2805042,1722.19230769231,93746.2888570001,2223811.75991047
"540",2016-12-14,774.897,286328,75979000,10632616,495472,1655833.79460135,2059.91366906475,94016.6675770001,1981473.29889459
"541",2016-12-16,781.568375,279361,83608200,10673581,495266,1883877.69280813,2100.45864661654,94266.5667620001,2050571.62855749
"542",2016-12-18,788.40575,235789,60524400,10709127,418498,1411672.89554392,1672.26241134752,94506.0691930001,2173914.28290682
"543",2016-12-20,793.0901375,296473,99629300,10751122,508908,1939201.3316321,2148.35507246377,94779.1114020001,2127660.78752582
"544",2016-12-22,860.599875,314644,200027000,10795676,528878,2459189.60192818,1978.89308176101,95078.6358930001,2451435.25519279
"545",2016-12-24,891.6126125,240820,137727000,10837759,420206,1526634.41658269,1757.8102189781,95330.7301730001,2112242.95573216
"546",2016-12-26,897.335375,244914,123771000,10871791,448557,1513037.04037673,1724.74647887324,95560.3964420001,2189332.11470048
"547",2016-12-28,967.480375,305394,236630000,10916410,514772,2063689.69191721,1862.15853658537,95839.5828890001,2589949.6705277
"548",2016-12-30,952.156375,286818,187474000,10961809,496024,2207636.67870298,1826.86624203822,96117.5006910001,2479403.03824908
"549",2017-01-01,997.729875,180502,147775000,10992405,355324,1084340.88487883,1157.0641025641,96345.4523970001,2463610.66220928
"550",2017-01-03,1023.141875,301664,185168000,11037425,515023,1950525.35497193,1839.41463414634,96645.364249,2589949.6705277
"551",2017-01-05,994.674875,288501,510199000,11093917,495909,2998215.1115476,2060.72142857143,96935.0175430001,2210932.64557243
"552",2017-01-07,896.830375,284719,279550000,11143505,503340,2162212.68055872,2048.3381294964,97230.734559,2195140.26953263
"553",2017-01-09,894.18025,269947,141877000,11190916,475571,2095379.05522492,1984.90441176471,97491.6030350001,2147763.14141322
"554",2017-01-11,785.2237375,303058,310929000,11240523,491692,3980330.05363409,1980.77124183007,97786.3798150001,2562350.13410886
"555",2017-01-13,826.2956625,275149,168968000,11288454,466560,2386792.84945669,1822.17880794702,98052.3379450001,2528855.36111398
"556",2017-01-15,822.2076,235999,71013600,11331053,417278,1725125.55521011,1413.16766467066,98293.1641060001,2796813.54507307
"557",2017-01-17,903.84575,292697,155095000,11375964,502461,2310740.48936348,1852.51265822785,98563.5609230001,2646087.06659608
"558",2017-01-19,895.798875,300605,105625000,11421609,516338,2603895.11021261,1727.61494252874,98843.8154670001,2914045.25055518
"559",2017-01-21,920.4479,263562,111158000,11462398,484668,1533463.23287317,1456.14364640884,99105.7741040001,3031276.95603728
"560",2017-01-23,922.0736125,236692,73588600,11505686,426712,1530243.91590179,1702.82014388489,99349.5449460001,2715269.05186662
"561",2017-01-25,893.045625,305961,120831000,11549342,514638,1938599.4457214,2039.74,99642.8062830001,2930146.45884887
"562",2017-01-27,919.27975,263332,125594000,11591356,462950,1800256.17837771,1549.01176470588,99941.1444410001,3320832.65336205
"563",2017-01-29,915.933,241627,60851700,11631342,438727,1375857.61441293,1446.86826347305,100218.55533,3262229.72418507
"564",2017-01-31,964.706075,307683,164582000,11676600,523036,1791768.77982267,2121.95172413793,100497.222034,2832474.91022057
"565",2017-02-02,1007.6137125,259559,145821000,11722629,452585,1851685.66567972,1653.24203821656,100825.472789,3066886.62692848
"566",2017-02-04,1030.9994125,286326,155064000,11766900,500098,2125684.60324484,1974.66206896552,101108.233443,3043000.84286989
"567",2017-02-06,1024.01375,230027,111762000,11811899,440409,1679402.41655712,1840.216,101382.9468,2623276.58868094
"568",2017-02-08,1052.3766125,308316,201855000,11857977,516490,1959826.10628621,2111.75342465753,101666.069387,3063987.05557934
"569",2017-02-10,999.1035,304456,190452000,11901993,507435,2778948.34104064,2057.13513513513,101970.865804,3105959.48099823
"570",2017-02-12,1000.604625,238182,67530000,11943593,422084,956506.55591642,1689.23404255319,102227.124457,2959055.9920321
"571",2017-02-14,1011.78025,315084,137946000,11987965,530239,1925169.97318271,1864.40236686391,102525.049711,3546669.94789663
"572",2017-02-16,1035.208125,285329,122277000,12032820,489189,2996789.97501355,1877.16447368421,102803.787327,3189904.33183602
"573",2017-02-18,1056.6371375,288149,99073500,12076602,510385,1252864.20270827,1895.71710526316,103096.374718,3330515.74407375
"574",2017-02-20,1084.7550125,282728,109478000,12119410,503952,1561277.91468099,1910.32432432432,103361.909703,3242870.59291391
"575",2017-02-22,1123.2231875,284024,136100000,12165897,489247,2560354.04829138,2043.3381294964,103628.810159,3045669.00280428
"576",2017-02-24,1174.86625,350751,330759000,12212766,590852,1957414.54834467,2112.9578313253,103934.214596,3637273.77313317
"577",2017-02-26,1175.04975,265203,116486000,12259730,462926,1128100.26650729,1489.90449438202,104259.663757,3900209.22661268
"578",2017-02-28,1187.56528571429,325414,184956000,12309173,542156,1954778.73833876,2126.88888888889,104543.905057,3352427.03186371
"579",2017-03-02,1259.41081666667,329428,368275000,12352066,565741,2742003.35844942,2098.26751592357,104834.93321,3440072.18302354
"580",2017-03-04,1267.0272,268875,183270000,12393892,489871,1997534.74539412,2006.52985074627,105115.847433,3069265.84971519
"581",2017-03-06,1275.197375,287731,153657000,12433044,537228,1915378.95980437,2026.27464788732,105397.49835,3252505.60193699
"582",2017-03-08,1157.3933,297108,332603000,12473057,526232,2522734.84456735,2092.30985915493,105685.730847,3252505.60193699
"583",2017-03-10,1098.61712857143,308482,563796000,12511003,551014,2751691.90466803,1977.44871794872,105987.241113,3573175.16832514
"584",2017-03-12,1227.494625,221110,227176000,12545254,422478,1201859.26650813,1426.51612903226,106284.702697,3550270.19929742
"585",2017-03-14,1245.37078571429,310395,245306000,12581602,561534,2703063.85043817,1989.71153846154,106577.361282,3573175.16832514
"586",2017-03-16,1180.94565714286,327034,638568000,12619042,594405,3316344.04046344,2137.47712418301,106868.290749,3504460.26124197
"587",2017-03-18,952.2323625,263530,621302000,12656618,505650,2599334.28131555,1678.53503184713,107169.506521,3712647.13922469
"588",2017-03-20,1049.0844875,277033,286530000,12691470,512637,3296575.00979041,2037.00735294118,107450.123614,3216051.02506088
"589",2017-03-22,1028.7268625,320713,380841000,12728925,572753,5359150.98782612,1992.00621118012,107747.718917,3807236.87525589
"590",2017-03-24,941.919714285714,289521,491038000,12767467,540389,3876256.75352733,1645.00568181818,108043.661082,4161948.3853729
"591",2017-03-26,956.7863125,221915,303668000,12800919,468755,1772687.2730565,1336.83734939759,108281.01045,3925474.04529489
"592",2017-03-28,1046.127625,294001,326332000,12836242,553956,2332205.31071153,1896.78064516129,108552.716861,3665352.27120909
"593",2017-03-30,1037.90455,288788,352969000,12870915,521047,2164789.7447987,1760.90243902439,108844.872591,4073274.03319987
"594",2017-04-01,1086.92957142857,255871,289634000,12905207,502790,2859605.75588997,1938.41666666667,109102.208306,3278488.85599014
"595",2017-04-03,1141.813,288141,580444000,12938853,564024,4163240.21378063,1637.16477272727,109387.0221,4371318.47465352
"596",2017-04-05,1133.07931428571,316555,414784000,12976517,577216,2295660.84994726,1954.04320987654,109665.885846,4023599.95962426
"597",2017-04-07,1190.45425,295463,317022000,13013593,542131,5893220.1862937,1823.84567901235,109967.983293,4023599.95962426
"598",2017-04-09,1208.8005,238286,242343000,13044154,489532,1512371.72667516,1498.65408805031,110248.628575,3949088.84926085
"599",2017-04-11,1226.6170375,307893,216182000,13078292,582103,2024632.20661539,1843.67065868263,110545.301805,4147785.14356328
"600",2017-04-13,1180.0237125,228679,351969000,13112613,449521,2143228.00545793,1800.62204724409,110808.394859,3287972.00662321
"601",2017-04-15,1184.88067142857,271976,203559000,13143766,520821,1615444.75654168,1801.16556291391,111096.468465,3909321.04724491
"602",2017-04-17,1205.634875,245184,253206000,13174781,469209,2451805.09494566,1776.69565217391,111360.320211,3572756.98357482
"603",2017-04-19,1217.9300875,310104,288061000,13210892,566248,2176695.98998885,2168.55944055944,111640.571504,3702204.70037101
"604",2017-04-21,1258.3614125,330354,272167000,13245107,612635,2339052.35665688,1978.16766467066,111938.96222,4323553.74099272
"605",2017-04-23,1257.9881125,245039,258951000,13277259,490003,1577942.29954599,1601.56209150327,112225.039487,3961100.13396339
"606",2017-04-25,1279.4146875,325387,242556000,13313643,580200,3246840.06083126,2198.56081081081,112487.432163,3831652.4171672
"607",2017-04-27,1345.3539125,297884,449197000,13350970,554691,2636893.44726295,2026.42176870748,112778.365803,3814281.63369607
"608",2017-04-29,1334.9790375,341319,422706000,13386157,634025,2085973.14816435,1972.94219653179,113081.995204,4488916.48047225
"609",2017-05-01,1417.1728125,294786,713624000,13419295,542847,2509004.84642654,1965.24,113375.364259,3892124.1160164
"610",2017-05-03,1507.57685714286,295149,583796000,13459052,547221,2625551.83579823,2235.97727272727,113661.620278,3425069.22209443
"611",2017-05-05,1533.33507142857,267193,946036000,13503518,523629,2863316.31076466,2071.26356589147,113948.756848,3347226.73977411
"612",2017-05-07,1535.86842857143,316011,1080030000,13542684,581369,2213326.70430991,1892.28143712575,114271.993307,4333231.51583159
"613",2017-05-09,1721.28497142857,332879,1167920000,13587310,621156,3162517.25139167,2147.6064516129,114599.366166,4021861.58655028
"614",2017-05-11,1820.9905625,294743,799490000,13634929,568521,3043753.15753014,2183.28148148148,114871.238467,3757901.04949136
"615",2017-05-13,1771.9200125,329266,579635000,13681547,623293,3010157.61381839,2083.96202531646,115169.148091,4398136.0431084
"616",2017-05-15,1723.1269375,329229,731529000,13728806,636246,3103702.0860401,1936.64117647059,115494.083176,4732171.69195208
"617",2017-05-17,1807.4850625,317527,1064730000,13780592,591515,4046479.1362403,2048.56129032258,115774.837712,4314627.13089748
"618",2017-05-19,1961.5204875,319502,1157290000,13831826,633617,2945763.68201335,1948.18292682927,116072.519034,4565153.86753024
"619",2017-05-21,2046.5344625,326057,1147860000,13880971,608719,2312823.37124224,2218.07482993197,116377.692631,4091936.69833503
"620",2017-05-23,2287.7102875,367710,1378750000,13948531,687290,4112953.88938068,2188.75,116683.264597,4976737.78165219
"621",2017-05-25,2387.20628571429,350114,2406700000,14025468,659055,3530884.9287766,2147.93865030675,116991.959765,4828620.58576969
"622",2017-05-27,2014.0529625,331914,1700480000,14086510,651462,2657377.9514045,1975.67857142857,117305.217815,4976737.78165219
"623",2017-05-29,2275.9307,321638,994625000,14137661,594355,2525128.96458489,2130.05298013245,117614.24788,4473139.31565167
"624",2017-05-31,2285.93391428571,321634,1544830000,14191518,614126,3330411.62442271,1961.18292682927,117949.954056,4858244.02494618
"625",2017-06-02,2446.14241428571,271539,1317030000,14245077,534561,2928808.54262625,1859.85616438356,118259.541323,4325022.11976917
"626",2017-06-04,2516.17314285714,266044,1355120000,14290963,537387,3486275.16396496,1652.44720496894,118606.063142,5432357.04184814
"627",2017-06-06,2883.31369663714,297416,2089610000,14345800,617593,2545677.65511058,1969.64238410596,118913.726386,5094943.56098801
"628",2017-06-08,2792.9991875,307377,1281170000,14401811,609712,2395589.20058031,1862.89090909091,119237.446002,5567322.4341922
"629",2017-06-10,2845.37285714286,254993,2018890000,14451045,516474,2449118.61011924,1808.4609929078,119520.720745,4757530.08012788
"630",2017-06-12,2657.6750625,269098,2569530000,14504349,538624,2893538.970918,1830.59863945578,119800.996488,4959978.16864396
"631",2017-06-14,2447.0415625,287644,1696560000,14559986,565868,3266873.63574763,2054.6,120074.484228,4723788.73204186
"632",2017-06-16,2464.95981428571,269937,1195190000,14613236,536165,3448634.12057126,1823.89864864865,120372.121983,4993719.51672997
"633",2017-06-18,2507.38925214429,209359,1178660000,14657444,433246,2263317.85615952,1443.85517241379,120650.861671,5129905.64429561
"634",2017-06-20,2754.97825,269438,1854190000,14688367,594425,3018444.73833646,1952.44927536232,120933.058609,4882255.02698479
"635",2017-06-22,2727.2880125,269685,1097940000,14743221,534177,3267161.42806557,1940.17985611511,121208.655047,4917633.68660062
"636",2017-06-24,2589.1648875,227127,982750000,14793656,469727,2254175.1962506,1555.66438356164,121499.152352,5165284.30391144
"637",2017-06-26,2436.45105714286,261906,1663280000,14840880,515883,3779418.89569924,1844.40845070423,121752.520602,5023769.66544811
"638",2017-06-28,2585.34918571429,279811,1183870000,14894147,549136,2823966.12788099,1782.23566878981,122034.90009,5554449.55968559
"639",2017-06-30,2477.641375,267360,860273000,14954030,533427,3475033.63820546,1736.1038961039,122298.19294,5448313.58083809
"640",2017-07-02,2501.19134285714,196539,803747000,14992878,409305,1799632.14846133,1045.42021276596,122589.522748,6622798.79067395
"641",2017-07-04,2599.7298375,255483,985516000,15039309,548401,2286343.30467359,1669.82352941176,122865.449124,5389830.93070805
"642",2017-07-06,2609.96775,225106,761957000,15093905,459294,2215848.5913875,1585.25352112676,123136.765834,5002326.74614734
"643",2017-07-08,2562.1306625,220835,733330000,15145156,451048,2699738.77099774,1338.39393939394,123417.168469,5812562.76841065
"644",2017-07-10,2366.17014285714,251722,1111200000,15198322,567052,3269080.45651825,1277.77664974619,123667.707195,6939847.66895089
"645",2017-07-12,2385.74857142857,257138,1117410000,15244697,513002,2631445.67662563,1452.75706214689,123977.73267,6235294.60611324
"646",2017-07-14,2190.94783333333,227903,882503000,15288482.7,473082,2601799.879111,1639.58992805755,124237.149387,5559049.84406697
"647",2017-07-16,1931.2143,203165,1182870000,15332268.4,406436,2035268.69111756,1246.41104294479,124497.936747,6518885.7883663
"648",2017-07-18,2320.12225,260575,1512450000,15376054.1,561055,2653766.96798901,1579.24242424242,124796.144933,6598872.11705791
"649",2017-07-20,2898.18841666667,230199,2249260000,15419839.8,477427,2443211.00041247,1420.98148148148,125086.672537,6478892.62402049
"650",2017-07-22,2807.60985714286,223358,1177130000,15463625.5,433135,1793088.27485509,1395.9875,125385.176788,6398906.29532888
"651",2017-07-24,2751.82102857143,240072,866474000,15507411.2,469352,2393466.60029161,1348.7191011236,125661.920777,7118783.25355338
"652",2017-07-26,2495.02858571429,237853,937404000,15551196.9,460146,3704928.86247153,1618.04761904762,125942.389224,5878995.15883341
"653",2017-07-28,2781.63658333333,247207,1380100000,15594982.6,487086,4203872.08972441,1648.04666666667,126222.154157,6414280.01814729
"654",2017-07-30,2745.95541666667,184145,705943000,15638768.3,386558,8866222.52448205,1252.68707482993,126478.209644,6285994.41778435
"655",2017-08-01,2710.41306666667,131875,1324670000,15682554,301131,2633798.15211866,885.06711409396,126720.652789,6371518.15135964
"656",2017-08-03,2794.11771666667,213017,804797000,15719794,427728,2133227.078621,1543.60144927536,126974.023426,5901137.61669551
"657",2017-08-05,3218.11501666667,239771,1945700000,15760171,463849,1958602.78141455,1354.6384180791,127295.423847,7568850.42141381
"658",2017-08-07,3407.22683333333,249002,1482280000,15801616,512717,2359919.57315269,1627.46405228758,127549.910375,6542565.61851024
"659",2017-08-09,3357.32631666667,260955,1468960000,15851410,532314,2423175.5980359,1890.97826086957,127842.181896,6333394.73736857
"660",2017-08-11,3632.50666666667,284001,2021190000,15901042,580987,3229999.64436041,1972.22916666667,128112.946246,6608759.72594982
"661",2017-08-13,4125.54802,263310,3159090000,15940845,516470,2243479.26248676,1779.12162162162,128390.766158,6792336.38500398
"662",2017-08-15,4217.02832857143,311002,3258050000,16003014,650899,2679106.22240755,2046.06578947368,128663.160942,6975913.04405814
"663",2017-08-17,4328.72571666667,347319,2553360000,16063996,631515,2790880.55218694,1940.32960893855,128964.019551,8215055.49267373
"664",2017-08-19,4222.66221428571,266832,2975820000,16126574,535350,2352589.93866989,1767.09933774834,129252.992397,6930018.8792946
"665",2017-08-21,4043.722,236772,2800890000,16182111,501755,2497994.70442613,2058.88695652174,129490.276772,5277828.94780714
"666",2017-08-23,4174.95,315734,2369820000,16242952,628516,2363819.52862018,1985.74842767296,129735.969564,7297172.19740292
"667",2017-08-25,4363.05445,208169,1727970000,16294481,471224,1419457.76485436,2061.07920792079,129924.591631,4459277.5076504
"668",2017-08-27,4354.30833333333,261891,1537460000,16344884,509082,1285150.42558278,1689.61935483871,130182.978849,6843445.68005754
"669",2017-08-29,4607.98545,281116,2486080000,16399787,593017,1958313.30089661,1886.68456375839,130458.294969,6578538.10534563
"670",2017-08-31,4748.255,280724,1944930000,16461924,589297,1789355.67612996,1722.23312883436,130783.509054,7196655.77967341
"671",2017-09-02,4580.38748,236811,2722140000,16527140,536081,1580305.84700538,1443.96951219512,131085.292269,7240807.04212539
"672",2017-09-04,4344.09831666667,269280,2987330000,16584713,561328,2420753.39615032,1538.74285714286,131365.560971,7726470.92909722
"673",2017-09-06,4641.82201666667,276225,2172100000,16643653,587813,2520446.76902912,1705.09259259259,131662.453399,7430760.7659943
"674",2017-09-08,4310.75018333333,279488,2700890000,16706404,606485,2168325.69503364,1597.07428571429,131964.828521,8027056.38301854
"675",2017-09-10,4329.955,193240,1679090000,16758445,412029,1623220.04883032,1400.28985507246,132196.711875,6329907.31918033
"676",2017-09-12,4219.03661666667,256230,1864530000,16813285,549109,2430941.86072376,1362.92553191489,132474.732138,8623352.00004277
"677",2017-09-14,3319.63,268068,2716310000,16860956,552954,3200145.08440588,1540.62068965517,132749.959413,7981187.48940129
"678",2017-09-16,3763.62604,228257,1818400000,16916369.6666667,486762,2240646.89363325,1350.63313609467,133020.391677,7751843.02131504
"679",2017-09-18,4093.31666666667,218204,1943210000,16971783.3333333,481944,2333957.294251,1718.14173228346,133238.552362,6965995.45167762
"680",2017-09-20,3977.56166666667,235723,1213830000,17027197,480582,1939586.86406499,2014.7264957265,133498.752819,6417491.87280536
"681",2017-09-22,3637.50255,227615,1194830000,17060070,515183,1875335.22969155,1637.51798561151,133745.293341,7624199.74632432
"682",2017-09-24,3703.04065,185277,768015000,17104249,383448,1119276.97011702,1277.7724137931,133945.186285,7953301.89364767
"683",2017-09-26,3910.30738333333,263648,1043740000,17148045,544621,2093406.99110012,1910.49275362319,134192.525874,7569349.3884371
"684",2017-09-28,4201.98905,275976,1712320000,17197533,561792,2302851.100965,1559.18644067797,134466.704292,9708513.34603889
"685",2017-09-30,4335.36831666667,212678,1207450000,17240284,467807,1660940.91986021,1541.14492753623,134715.947309,7569349.3884371
"686",2017-10-02,4386.88375,295002,1431730000,17283362,606137,2028711.64935144,1966.68,134984.842816,8380132.03961296
"687",2017-10-04,4225.175,232826,1116770000,17326853,496067,1468790.74049577,1737.50746268657,135257.34717,7486251.28872091
"688",2017-10-06,4345.60333333333,283699,1069940000,17374649,609682,1383027.02614632,1784.27044025157,135530.950739,8882939.96198973
"689",2017-10-08,4602.28088333333,238385,1313870000,17417054,496285,1273611.93697547,1309.80769230769,135802.243436,10167893.5413971
"690",2017-10-10,4782.28,303101,1597140000,17468930,613363,1952289.66774272,1894.38125,136104.894381,8938807.50892049
"691",2017-10-12,5325.13068333333,293164,2791610000,17515831,588009,1979554.76639702,1916.1045751634,136395.695673,8547734.68040521
"692",2017-10-14,5739.43873333333,293140,1669030000,17587016,594481,1518393.19596523,2079.00709219858,136679.437227,7877324.11723618
"693",2017-10-16,5711.20586666667,314725,2008070000,17649964,643456,1925205.5637293,1808.76436781609,137013.412833,10351762.4275025
"694",2017-10-18,5546.1761,329579,2399270000,17715936,646477,2154353.26190085,2182.64238410596,137328.856587,8983426.01467175
"695",2017-10-20,5979.45984,312409,2354430000,17785376,644654,1927247.42106099,1745.30167597765,137683.545203,10649226.8650745
"696",2017-10-22,5983.18455,289131,2034630000,17856907,573796,1499204.49492528,1588.63186813187,138025.639345,10827705.5276176
"697",2017-10-24,5505.82776666667,347220,2735700000,17933621,716443,2586032.10808468,2079.16167664671,138365.729573,9935312.21490186
"698",2017-10-26,5893.13841666667,265827,1905040000,17996814,555497,1743919.65748384,1476.81666666667,138676.943719,12999790.2869909
"699",2017-10-28,5776.69695,207066,1403920000,18066019,440621,1417695.81194228,2436.07058823529,138869.929946,6138789.85774571
"700",2017-10-30,6105.87422,316077,1772150000,18116914,672642,1855584.22744581,2150.18367346939,139177.894083,10616495.4010426
"701",2017-11-01,6665.30668333333,241788,2870320000,18218118,733878,1711620.59813138,2218.23853211009,139434.717791,7872095.2293445
"702",2017-11-03,7197.72006,277598,3369860000,18300506,670928,3036929.60935422,2332.75630252101,139714.873251,8594305.80084399
"703",2017-11-05,7377.01236666667,251728,2380410000,18385256,555458,6077425.12154991,1785.30496453901,139995.561562,10183169.0581429
"704",2017-11-07,7092.12723333333,335636,2326340000,18461009,714349,3523838.11586754,2151.51282051282,140294.602454,11266484.9153921
"705",2017-11-09,7158.03706,341281,3226250000,18534516,727945,2237809.57165965,2230.59477124183,140599.259605,11049821.7439423
"706",2017-11-11,6362.85103333333,194634,4908680000,18607489,455431,1664880.36971292,2432.925,140809.921279,5426063.16330753
"707",2017-11-13,6550.22753333333,309299,6263250000,18672124,694828,4374153.69981811,2209.27857142857,141040.02069,9495610.53578818
"708",2017-11-15,7301.42992,321788,4200880000,18741746,709142,3422899.06038037,2117.02631578947,141330.507773,10309520.0102843
"709",2017-11-17,7786.88436666667,306617,4651670000,18808887,684253,3818219.59308752,1836.02994011976,141658.738026,11326906.8534045
"710",2017-11-19,8007.65406666667,264855,3149320000,18875854,603429,5442164.82322341,1655.34375,141968.113951,10852126.3266151
"711",2017-11-21,8059.8,371091,4277610000,18948510,753813,3637233.52189774,2145.03468208092,142329.053084,11733861.5906525
"712",2017-11-23,8148.95,352207,4225180000,19022798,747161,3406958.99050021,2243.35668789809,142626.033008,10648648.957991
"713",2017-11-25,8707.40726666667,336689,4342060000,19090935,697525,2899917.65325056,2158.26282051282,142945.742368,10445729.4715075
"714",2017-11-27,9718.29505,379256,5653320000,19165854,829650,2426385.16650855,2230.91764705882,143283.259974,11383166.7317709
"715",2017-11-29,9879.32833333333,398090,11568800000,19284089,903004,3262042.94240396,2301.09826589595,143633.200428,11584046.1446846
"716",2017-12-01,10883.912,412908,6783120000,19455916,869274,2319117.91462828,2256.32786885246,144007.066425,12253644.1877299
"717",2017-12-03,11332.622,353044,6608310000,19565470,762992,1870464.10432922,2005.93181818182,144358.248478,11784925.5575982
"718",2017-12-05,11878.4333333333,405709,6895260000,19697439,891235,3015982.76508613,2279.26404494382,144740.052069,11918845.1662072
"719",2017-12-07,16501.9716666667,372345,17950700000,19834985,869098,3400920.70859401,2465.86092715232,145096.995341,11941671.1962486
"720",2017-12-09,15142.8341521233,403399,13911300000,20068797,877574,2895169.90410456,2318.38505747126,145443.926726,13760601.2460083
"721",2017-12-11,16762.1166666667,368598,12153900000,20213998,867654,2687922.77010923,2155.54385964912,145798.522593,13523349.5003875
"722",2017-12-13,16808.3666666667,424579,12976900000,20390317,958476,3267550.70839996,2282.68279569892,146160.701474,14709608.2284917
"723",2017-12-15,17771.9,405676,1.431e+10,20555567,942513,2756649.27952242,2400.44970414201,146532.233028,13365181.6699736
"724",2017-12-17,19289.785,391910,13314600000,20693380,877464,2389062.95524274,2118.43243243243,146905.507609,14630524.3132847
"725",2017-12-19,17737.1116666667,378622,16894500000,20843609,887697,1984897.72988429,2704.44285714286,147243.580305,13035760.950516
"726",2017-12-21,16047.51,335482,16516600000,20997662,840739,1791086.42938157,2541.5303030303,147526.58848,12290860.3247722
"727",2017-12-23,15360.2616666667,308211,1.3086e+10,21112864,729637,1781229.26358274,2217.34532374101,147838.593212,12942648.372298
"728",2017-12-25,14119.0283333333,228926,10664700000,21218301,565074,1810627.09798566,1695.74814814815,148142.193631,12570198.0594261
"729",2017-12-27,15589.3216666667,307642,12487600000,21307059,749191,2323583.61840241,1972.0641025641,148457.882881,14525562.2020035
"730",2017-12-29,14640.14,353824,13025500000,21400134,838925,2311057.65922842,2144.38787878788,148792.159497,15363575.4059653
"731",2017-12-31,14165.575,290422,12136300000,21475697,678712,1638125.54625116,1781.73006134969,149113.621439,15177350.2495293
"732",2018-01-02,15005.8566666667,340980,16846600000,21539833,850801,2536938.59565959,1994.0350877193,149454.462968,16415540.6673506
"733",2018-01-04,15199.355,425008,21783200000,21636969,1054711,2737825.46133884,2529.80952380952,149800.808436,16127548.7258182
"734",2018-01-06,17319.198,358847,18314600000,21747072,889098,2979615.08569446,2135.99404761905,150130.654694,16127548.7258182
"735",2018-01-08,15265.9066666667,345672,18413900000,21843667,895996,2520926.89168356,2082.36144578313,150474.795925,15935554.0981299
"736",2018-01-10,15126.3983333333,347393,18500800000,21942468,876989,2162979.76075198,2092.72891566265,150823.410584,15935554.0981299
"737",2018-01-12,13912.882,300091,12065700000,22035845,747265,1779515.71814413,1685.90449438202,151215.165292,17087521.8642597
"738",2018-01-14,13852.92,235045,11084100000,22116500,592041,1269172.79926963,1516.41935483871,151529.198247,17165770.5545763
"739",2018-01-16,11180.9983333333,303725,18853800000,22199550,737398,2889286.58911243,1910.22012578616,151855.056375,17608758.1817911
"740",2018-01-18,11345.4233333333,309495,15020400000,22280452,744189,2156724.20053858,1788.98843930636,152214.242536,19159214.8770432
"741",2018-01-20,12950.7933333333,240611,11801700000,22359417,559711,1460377.6995824,1351.74719101124,152584.190571,19712949.4110618
"742",2018-01-22,10544.5933333333,245562,10537400000,22425024,574420,1525531.99580509,1470.43113772455,152966.215098,18494733.4362209
"743",2018-01-24,11282.2583333333,250423,9940990000,22485989,576212,1502763.71387057,1422.85795454545,153343.985038,19491455.5974543
"744",2018-01-26,10969.815,220459,9746200000,22544589,514621,1702177.38888987,1422.31612903226,153681.023905,20056949.5413938
"745",2018-01-28,11765.71,213446,8350360000,22606365,492738,3128906.09631931,1350.92405063291,154006.975327,20445148.5647756
"746",2018-01-30,10184.0616666667,236609,8637860000,22665571,531440,2359671.26612026,1416.82035928144,154322.579011,21609745.6349211
"747",2018-02-01,9083.25833333333,257664,9959400000,22727139,591550,2190613.2751607,1610.4,154613.224383,20703947.9136968
"748",2018-02-03,9076.67833333333,194891,7263790000,22783332,436196,910042.47921614,1233.48734177215,154942.458339,20445148.5647756
"749",2018-02-05,6838.81666666667,216363,9285290000,22833137,486553,1848912.71449765,1169.52972972973,155322.770886,23938939.775212
"750",2018-02-07,8099.95833333333,213719,9169280000,22883357,489402,1160111.91246956,1515.73758865248,155655.362901,20149017.2119067
"751",2018-02-09,8535.51666666667,177860,6784820000,22928596,462086,1144162.67234831,1317.48148148148,155937.97688,19291612.224166
"752",2018-02-11,8343.455,147208,6122190000,22971387,368624,1398605.05384884,974.887417218543,156237.996989,21578025.5248079
"753",2018-02-13,8597.7675,182984,5696720000,23018085,414749,1315762.89938925,1115.75609756098,156580.256203,23435736.3315795
"754",2018-02-15,9977.154,198183,9062540000,23059059,475029,1418774.18366203,1512.84732824427,156901.460878,18720008.8990056
"755",2018-02-17,10841.9916666667,173789,8660880000,23110040,401860,1473900.1896814,1166.36912751678,157201.813038,21292223.8622277
"756",2018-02-19,11110.965,187367,7652090000,23154031,436341,1789525.59119399,1156.58641975309,157522.467859,23149934.6689992
"757",2018-02-21,10532.7916666667,205201,9405340000,23199775,459675,1325803.33981785,1214.20710059172,157831.477328,25265138.8267172
"758",2018-02-23,10162.1166666667,185193,7739500000,23246285,424502,1010312.59585166,1251.30405405405,158117.333185,22125683.7062376
"759",2018-02-25,9696.59333333333,144869,5706940000,23287384,355805,605383.32057303,847.187134502924,158387.815406,25564134.5524772
"760",2018-02-27,10763.8833333333,219624,6966180000,23329572,494787,945506.24596204,1372.65,158688.912489,23919658.0607974
"761",2018-03-01,11009.3816666667,233744,7317280000,23374674,514904,1322629.87805724,1416.6303030303,159028.575717,24667147.3751973
"762",2018-03-03,11326.9483333333,177024,6690570000,23415707,416966,789724.28937334,983.466666666667,159338.731808,26909615.3183971
"763",2018-03-05,11595.54,201438,6468540000,23454702,457316,902570.35097313,1351.93288590604,159638.547164,24372959.7309369
"764",2018-03-07,10118.058,213978,NA,23497629,474916,931240.74317467,1362.91719745223,159958.516384,25681575.018504
